{
  "version": 1,
  "author": "Patrick Dias Catrinck",
  "editor": "wokwi",
  "parts": [
    { "type": "board-esp32-devkit-c-v4", "id": "esp", "top": 0, "left": 0, "attrs": {} },
    {
      "type": "wokwi-7segment",
      "id": "sevseg1",
      "top": 62.58,
      "left": 187.48,
      "attrs": { "common": "anode" }
    },
    { "type": "wokwi-7segment", "id": "sevseg2", "top": 62.58, "left": 245.08, "attrs": {} },
    { "type": "wokwi-7segment", "id": "sevseg3", "top": 62.58, "left": 312.28, "attrs": {} },
    { "type": "wokwi-7segment", "id": "sevseg4", "top": 62.58, "left": 369.88, "attrs": {} },
    { "type": "wokwi-7segment", "id": "sevseg5", "top": 62.58, "left": 437.08, "attrs": {} },
    { "type": "wokwi-7segment", "id": "sevseg6", "top": 62.58, "left": 494.68, "attrs": {} },
    { "type": "wokwi-slide-switch", "id": "sw1", "top": 71.6, "left": -83.3, "attrs": {} },
    { "type": "wokwi-slide-switch", "id": "sw2", "top": 23.6, "left": -83.3, "attrs": {} },
    { "type": "wokwi-slide-switch", "id": "sw3", "top": 119.6, "left": -83.3, "attrs": {} }
  ],
  "connections": [
    [ "esp:TX", "$serialMonitor:RX", "", [] ],
    [ "esp:RX", "$serialMonitor:TX", "", [] ],
    [ "esp:2", "sevseg1:G", "green", [ "h14.44", "v-144", "h76.8" ] ],
    [ "sevseg1:G", "sevseg2:G", "green", [ "v-47.16", "h57.6" ] ],
    [ "sevseg2:G", "sevseg3:G", "green", [ "v-47.16", "h67.2" ] ],
    [ "sevseg3:G", "sevseg4:G", "green", [ "v-47.16", "h57.6" ] ],
    [ "sevseg4:G", "sevseg5:G", "green", [ "v-47.16", "h67.2" ] ],
    [ "sevseg5:G", "sevseg6:G", "green", [ "v-47.16", "h57.6" ] ],
    [ "sevseg1:F", "esp:0", "#8f4814", [ "v-37.56", "h-76.8", "v124.8" ] ],
    [ "sevseg1:F", "sevseg2:F", "#8f4814", [ "v-37.56", "h57.6" ] ],
    [ "sevseg2:F", "sevseg3:F", "#8f4814", [ "v-37.56", "h67.2" ] ],
    [ "sevseg3:F", "sevseg4:F", "#8f4814", [ "v-37.56", "h57.6" ] ],
    [ "sevseg4:F", "sevseg5:F", "#8f4814", [ "v-37.56", "h67.2" ] ],
    [ "sevseg5:F", "sevseg6:F", "#8f4814", [ "v-37.56", "h57.6" ] ],
    [ "sevseg1:A", "esp:18", "orange", [ "v-18.36", "h-86.4", "v57.6" ] ],
    [ "sevseg1:A", "sevseg2:A", "orange", [ "v-18.36", "h57.6" ] ],
    [ "sevseg2:A", "sevseg3:A", "orange", [ "v-18.36", "h67.2" ] ],
    [ "sevseg3:A", "sevseg4:A", "orange", [ "v-18.36", "h57.6" ] ],
    [ "sevseg4:A", "sevseg5:A", "orange", [ "v-18.36", "h67.2" ] ],
    [ "sevseg6:A", "sevseg5:A", "orange", [ "v-18.36", "h-57.6" ] ],
    [ "sevseg1:B", "esp:5", "gold", [ "v-8.76", "h-86.4", "v57.6" ] ],
    [ "sevseg1:B", "sevseg2:B", "gold", [ "v-8.76", "h57.6" ] ],
    [ "sevseg2:B", "sevseg3:B", "gold", [ "v-8.76", "h67.2" ] ],
    [ "sevseg3:B", "sevseg4:B", "gold", [ "v-8.76", "h57.6" ] ],
    [ "sevseg4:B", "sevseg5:B", "gold", [ "v-8.76", "h67.2" ] ],
    [ "sevseg5:B", "sevseg6:B", "gold", [ "v-8.76", "h57.6" ] ],
    [ "esp:4", "sevseg1:E", "green", [ "h43.24", "v9.6", "h48" ] ],
    [ "sevseg1:E", "sevseg2:E", "green", [ "v19.2", "h57.6" ] ],
    [ "sevseg2:E", "sevseg3:E", "green", [ "v19.2", "h67.2" ] ],
    [ "sevseg3:E", "sevseg4:E", "green", [ "v19.2", "h57.6" ] ],
    [ "sevseg4:E", "sevseg5:E", "green", [ "v19.2", "h67.2" ] ],
    [ "sevseg5:E", "sevseg6:E", "green", [ "v19.2", "h57.6" ] ],
    [ "sevseg1:D", "esp:16", "violet", [ "v28.8", "h-67.2", "v-28.8" ] ],
    [ "sevseg1:D", "sevseg2:D", "violet", [ "v28.8", "h57.6" ] ],
    [ "sevseg3:D", "sevseg2:D", "violet", [ "v28.8", "h-67.2" ] ],
    [ "sevseg4:D", "sevseg3:D", "violet", [ "v28.8", "h-57.6" ] ],
    [ "sevseg5:D", "sevseg4:D", "violet", [ "v28.8", "h-67.2" ] ],
    [ "sevseg6:D", "sevseg5:D", "violet", [ "v28.8", "h-57.6" ] ],
    [ "sevseg1:C", "esp:17", "cyan", [ "v38.4", "h-76.8", "v-48" ] ],
    [ "sevseg2:C", "sevseg1:C", "cyan", [ "v38.4", "h-57.6" ] ],
    [ "sevseg3:C", "sevseg2:C", "cyan", [ "v38.4", "h-67.2" ] ],
    [ "sevseg4:C", "sevseg3:C", "cyan", [ "v38.4", "h-57.6" ] ],
    [ "sevseg5:C", "sevseg4:C", "cyan", [ "v38.4", "h-67.2" ] ],
    [ "sevseg6:C", "sevseg5:C", "cyan", [ "v38.4", "h-57.6" ] ],
    [ "sevseg5:COM.1", "esp:21", "#8f4814", [ "v67.2", "h-297.6", "v-124.8" ] ],
    [ "sevseg6:COM.1", "esp:19", "gray", [ "h0", "v105.6", "h-336", "v-144" ] ],
    [ "sevseg1:COM.2", "esp:23", "blue", [ "h0", "v-27.96" ] ],
    [ "sevseg2:COM.1", "esp:22", "yellow", [ "h0", "v9.6", "h-105.6", "v-96" ] ],
    [ "sevseg6:DP", "sevseg5:DP", "black", [ "v9.6", "h-57.6" ] ],
    [ "sevseg4:DP", "sevseg5:DP", "black", [ "v9.6", "h67.2" ] ],
    [ "sevseg3:DP", "sevseg4:DP", "black", [ "v9.6", "h57.6" ] ],
    [ "sevseg3:DP", "sevseg2:DP", "black", [ "v9.6", "h-67.2" ] ],
    [ "sevseg2:DP", "sevseg1:DP", "black", [ "v9.6", "h-57.6" ] ],
    [ "sevseg1:DP", "esp:15", "black", [ "v57.6", "h-115.2", "v-19.2" ] ],
    [ "esp:GND.1", "sw3:3", "black", [ "h0" ] ],
    [ "sw2:2", "esp:34", "green", [ "v0" ] ],
    [ "sw3:2", "esp:32", "green", [ "v9.6", "h38.5", "v-76.8" ] ],
    [ "sw3:3", "sw1:3", "black", [ "v0", "h9.8", "v-48" ] ],
    [ "sw1:3", "sw2:3", "black", [ "v0", "h9.8", "v-48" ] ],
    [ "sw1:2", "esp:35", "green", [ "v0", "h0.1", "v9.6", "h28.8", "v-38.4" ] ],
    [ "esp:25", "sevseg3:COM.1", "purple", [ "v0", "h-14.21", "v144", "h345.6" ] ],
    [ "esp:26", "sevseg4:COM.1", "green", [ "h-4.61", "v105.6", "h393.6", "v9.6" ] ]
  ],
  "dependencies": {}
}